{"cameraMode":{"drawMode":0,"name":"Shaded","section":"Shading Mode"},"sceneLighting":false,"audioPlay":false,"sceneViewState":{"m_AlwaysRefresh":false,"showFog":true,"showSkybox":false,"showFlares":true,"showImageEffects":true,"showParticleSystems":true,"showVisualEffectGraphs":true,"m_FxEnabled":true},"in2DMode":false,"pivot":{"x":-0.06000000238418579,"y":-1.1920928955078126e-7,"z":2.4000000953674318},"rotation":{"x":-0.3044663369655609,"y":0.5336970686912537,"z":-0.21397636830806733,"w":-0.7593957781791687},"size":0.5934752821922302,"orthographic":false}